{"cameraMode":{"drawMode":0,"name":"Shaded","section":"Shading Mode"},"sceneLighting":true,"audioPlay":false,"sceneViewState":{"showFog":true,"showMaterialUpdate":true,"showSkybox":true,"showFlares":true,"showImageEffects":true,"showParticleSystems":true},"in2DMode":false,"pivot":{"x":1204.92724609375,"y":4.017482757568359,"z":288.92218017578127},"rotation":{"x":0.08841512352228165,"y":0.07909996807575226,"z":-0.007051804102957249,"w":0.9929434061050415},"size":11.838285446166993,"orthographic":false}