{"cameraMode":{"drawMode":0,"name":"Shaded","section":"Shading Mode"},"sceneLighting":false,"audioPlay":false,"sceneViewState":{"showFog":true,"showMaterialUpdate":true,"showSkybox":true,"showFlares":true,"showImageEffects":true,"showParticleSystems":true},"in2DMode":false,"pivot":{"x":438.59649658203127,"y":108.37188720703125,"z":453.0007629394531},"rotation":{"x":0.42983582615852358,"y":0.0027045232709497215,"z":-0.0012888886267319322,"w":0.9029105305671692},"size":592.068603515625,"orthographic":false}