{"cameraMode":{"drawMode":0,"name":"Shaded","section":"Shading Mode"},"sceneLighting":true,"audioPlay":false,"sceneViewState":{"showFog":true,"showMaterialUpdate":true,"showSkybox":true,"showFlares":true,"showImageEffects":true,"showParticleSystems":true},"in2DMode":false,"pivot":{"x":111.17808532714844,"y":66.58609771728516,"z":-53.487884521484378},"rotation":{"x":0.3539080023765564,"y":-0.018237430602312089,"z":0.0069119893014431,"w":0.9351024627685547},"size":11.035540580749512,"orthographic":false}