{"cameraMode":{"drawMode":0,"name":"Shaded","section":"Shading Mode"},"sceneLighting":true,"audioPlay":false,"sceneViewState":{"showFog":true,"showMaterialUpdate":true,"showSkybox":true,"showFlares":true,"showImageEffects":true,"showParticleSystems":true},"in2DMode":false,"pivot":{"x":654.7322998046875,"y":-5.257658004760742,"z":145.8006591796875},"rotation":{"x":0.2042616754770279,"y":-0.030833836644887925,"z":0.006438323762267828,"w":0.9784263968467712},"size":90.35521697998047,"orthographic":false}