{"cameraMode":{"drawMode":0,"name":"Shaded","section":"Shading Mode"},"sceneLighting":true,"audioPlay":false,"sceneViewState":{"showFog":true,"showMaterialUpdate":false,"showSkybox":true,"showFlares":true,"showImageEffects":true,"showParticleSystems":true},"in2DMode":false,"pivot":{"x":4.167799472808838,"y":3.4733164310455324,"z":-8.853219985961914},"rotation":{"x":0.3241521716117859,"y":0.032634541392326358,"z":-0.011157624423503876,"w":0.9454025626182556},"size":5.131777286529541,"orthographic":false}